dummy,DH_Type_II_Start,DH_Type_II_End,Max_Frequency,Min_Frequency,Flare_Loc,Flare_NOAA,Flare_Imp,CME_Date_Time,CME_CPA,CME_Width,CMA_Spd,Plots,Notes,,,,,,,,
0,4/1/1997 14:00,4/1/1997 14:15,8000,4000,S25E16,8026,M1.3,4/1/1997 15:18,74,79,312,PHTX,,,,,,,,,
0,4/7/1997 14:30,4/7/1997 17:30,11000,1000,S28E19,8027,C6.8,4/7/1997 14:27,Halo,360,878,PHTX,,,,,,,,,
0,5/12/1997 5:15,5/14/1997 16:00,12000,80,N21W08,8038,C1.3,5/12/1997 5:30,Halo,360,464,PHTX,,,,,,,,,
0,5/21/1997 20:20,5/21/1997 22:00,5000,500,N05W12,8040,M1.3,5/21/1997 21:00,263,165,296,PHTX,,,,,,,,,
0,9/23/1997 21:53,9/23/1997 22:16,6000,2000,S29E25,8088,C1.4,9/23/1997 22:02,133,155,712,PHTX,,,,,,,,,
0,11/3/1997 5:15,11/3/1997 12:00,14000,250,S20W13,8100,C8.6,11/3/1997 5:28,240,109,227,PHTX,,,,,,,,,
0,11/3/1997 10:30,11/3/1997 11:30,14000,5000,S16W21,8100,M4.2,11/3/1997 11:11,233,122,352,PHTX,,,,,,,,,
0,11/4/1997 6:00,11/5/1997 4:30,14000,100,S14W33,8100,X2.1,11/4/1997 6:10,Halo,360,785,PHTX,,,,,,,,,
0,11/6/1997 12:20,11/7/1997 8:30,14000,100,S18W63,8100,X9.4,11/6/1997 12:10,Halo,360,1556,PHTX,,,,,,,,,
0,11/27/1997 13:30,11/27/1997 14:00,14000,7000,N17E63,8113,X2.6,11/27/1997 13:56,98,91,441,PHTX,,,,,,,,,
0,12/12/1997 22:45,12/12/1997 23:20,14000,8000,N25W52,8116,B9.4,12/13/1997 0:26,278,73,191,PHTX,,,,,,,,,
0,1/25/1998 15:03,1/25/1998 15:18,14000,10000,N21E25,8141,C1.1,1/25/1998 15:26,Halo,360,693,PHTX,,,,,,,,,
0,3/29/1998 3:40,3/29/1998 3:52,14000,7000,SW90,-----,----,3/29/1998 3:48,Halo,360,1397,PHTX,,,,,,,,,
0,4/20/1998 10:25,4/22/1998 6:00,10000,35,S22W90,8194,M1.4,4/20/1998 10:07,284,165,1863,PHTX,,,,,,,,,
0,4/23/1998 6:00,4/23/1998 15:30,14000,200,S17E90,8210,X1.2,4/23/1998 5:55,Halo,360,1691,PHTX,,,,,,,,,
0,4/24/1998 9:17,4/24/1998 9:25,4700,2600,S20E90,8210,C8.9,4/24/1998 8:55,100,84,1184,PHTX,uncertain,,,,,,,,
0,4/27/1998 9:20,4/27/1998 10:00,10000,1000,S16E50,8210,X1.0,4/27/1998 8:56,Halo,360,1385,PHTX,,,,,,,,,
0,4/29/1998 16:30,4/29/1998 17:00,10000,2000,S18E20,8210,M6.8,4/29/1998 16:58,Halo,360,1374,PHTX,,,,,,,,,
0,5/2/1998 14:25,5/2/1998 14:50,5000,3000,S15W15,8210,X1.1,5/2/1998 14:06,Halo,360,938,PHTX,,,,,,,,,
0,5/6/1998 8:25,5/6/1998 8:35,14000,5000,S11W65,8210,X2.7,5/6/1998 8:29,309,190,1099,PHTX,,,,,,,,,
0,5/9/1998 3:35,5/9/1998 10:00,9000,400,S14W89,8210,M7.7,5/9/1998 3:35,262,178,2331,PHTX,,,,,,,,,
0,5/11/1998 21:40,5/11/1998 22:00,10000,1000,N32W90,8214,B6.6,5/11/1998 21:55,208,>301,830,PHTX,,,,,,,,,
0,5/19/1998 10:00,5/19/1998 11:30,14000,3000,N23W43,8222,B5.7,5/19/1998 10:27,268,139,801,PHTX,,,,,,,,,
0,5/27/1998 13:30,5/27/1998 14:20,4000,1000,N19W62,8226,C7.5,5/27/1998 13:45,175,268,878,PHTX,,,,,,,,,
0,6/11/1998 10:15,6/11/1998 10:20,8000,4000,N16E86,8243,M1.4,6/11/1998 10:28,123,177,1223,PHTX,,,,,,,,,
0,6/16/1998 18:20,6/17/1998 21:00,12000,50,S22W90,8232,M1.0,6/16/1998 18:27,341,281,1484,PHTX,,,,,,,,,
0,6/20/1998 19:39,6/20/1998 20:00,2600,1800,BACK,-----,----,6/20/1998 18:20,Halo,360,964,PHTX,uncertain,,,,,,,,
0,6/22/1998 7:15,6/22/1998 9:20,6000,2000,N16W46,8243,C2.9,6/22/1998 5:01,265,59,206,PHTX,,,,,,,,,
0,11/2/1998 14:00,11/2/1998 14:40,14000,4000,S25E44,8373,C4.4,11/2/1998 14:18,116,169,661,PHTX,,,,,,,,,
0,11/5/1998 22:00,11/7/1998 8:00,5000,50,N22W18,8375,M8.4,11/5/1998 20:44,Halo,360,1118,PHTX,,,,,,,,,
0,11/6/1998 3:00,11/6/1998 5:30,5000,1000,BACK,-----,----,11/6/1998 2:18,159,>160,405,PHTX,,,,,,,,,
0,11/7/1998 0:20,11/7/1998 0:50,14000,6000,BACK,-----,----,11/7/1998 1:54,296,19,381,PHTX,,,,,,,,,
0,11/8/1998 11:20,11/8/1998 11:30,10000,8000,S21W37,-----,C5.9,11/8/1998 11:54,264,196,559,PHTX,,,,,,,,,
0,12/18/1998 17:50,12/18/1998 18:15,14000,5000,N19E64,8415,M8.0,12/18/1998 18:09,Halo,360,1749,PHTX,,,,,,,,,
0,4/24/1999 13:50,4/25/1999 0:00,3700,100,NW90b,-----,----,4/24/1999 13:31,Halo,360,1495,PHTX,,,,,,,,,
0,5/3/1999 5:50,5/3/1999 8:45,8000,200,N15E32,8525,M4.4,5/3/1999 6:06,Halo,360,1584,PHTX,,,,,,,,,
0,5/27/1999 10:55,5/28/1999 10:00,14000,70,W90b,-----,----,5/27/1999 11:06,Halo,360,1691,PHTX,,,,,,,,,
0,6/1/1999 18:50,6/2/1999 9:00,14000,400,NW90b,-----,----,6/1/1999 19:37,Halo,360,1772,PHTX,,,,,,,,,
0,6/4/1999 7:05,6/5/1999 1:00,14000,60,N17W69,8552,M3.9,6/4/1999 7:26,289,150,2230,PHTX,,,,,,,,,
0,6/11/1999 11:45,6/11/1999 17:00,14000,400,N38E90,-----,C8.8,6/11/1999 11:26,35,>181,1569,PHTX,,,,,,,,,
0,6/22/1999 18:25,6/22/1999 18:40,3000,2000,N22E37,8592,M1.7,6/22/1999 18:54,Halo,360,1133,PHTX,,,,,,,,,
0,6/23/1999 5:50,6/23/1999 7:10,12000,2000,BACK,-----,----,6/23/1999 6:06,264,>154,450,PHTX,,,,,,,,,
0,6/23/1999 7:07,6/23/1999 7:14,14000,2000,N23E42,8596,M1.7,6/23/1999 7:31,Halo,360,1006,PHTX,uncertain,,,,,,,,
0,6/28/1999 21:03,6/28/1999 21:10,3500,1500,N22W44,8592,C3.5,6/28/1999 21:30,336,>184,903,PHTX,,,,,,,,,
0,6/29/1999 19:20,6/29/1999 19:55,14000,2000,S14E01,8603,M1.6,6/29/1999 19:54,Halo,360,560,PHTX,,,,,,,,,
0,7/5/1999 3:10,7/5/1999 4:05,2000,1000,SW90b,8603,C7.6,7/5/1999 2:54,284,190,670,PHTX,,,,,,,,,
0,8/28/1999 18:25,8/28/1999 18:33,16000,12000,S26W14,8674,X1.1,8/28/1999 18:26,120,245,462,PHTX,,,,,,,,,
0,9/3/1999 3:00,9/3/1999 4:10,2000,1000,S36W24,8679,C2.1,9/3/1999 0:06,184,175,512,PHTX,,,,,,,,,
0,9/10/1999 7:30,9/10/1999 7:35,5500,2000,NW90b,-----,----,9/10/1999 7:54,18,125,1467,PHTX,,,,,,,,,
0,10/14/1999 9:10,10/14/1999 10:00,14000,4000,N11E32,8731,X1.8,10/14/1999 9:26,Halo,360,1250,PHTX,,,,,,,,,
0,10/17/1999 23:27,10/17/1999 23:33,11500,10000,N03E38,-----,----,10/18/1999 0:06,40,87,247,PHTX,,,,,,,,,
0,11/16/1999 3:27,11/16/1999 3:48,7000,4000,N17E38,8766,M3.8,11/16/1999 3:06,81,98,636,PHTX,,,,,,,,,
0,11/16/1999 5:17,11/16/1999 5:34,14000,7000,N08W39,8759,M1.8,11/16/1999 5:30,285,129,712,PHTX,,,,,,,,,
0,1/18/2000 17:31,1/18/2000 22:00,14000,500,S19E11,8831,M3.9,1/18/2000 17:54,Halo,360,739,PHTX,,,,,,,,,
0,1/28/2000 20:20,1/28/2000 20:24,2200,1100,S31W17,8841,C4.7,1/28/2000 20:12,Halo,360,1177,PHTX,,,,,,,,,
0,2/5/2000 19:34,2/5/2000 19:38,5800,2900,N26E52,8858,X1.2,2/5/2000 19:54,60,76,632,PHTX,,,,,,,,,
0,2/8/2000 9:05,2/11/2000 2:20,12000,20,N25E26,8858,M1.3,2/8/2000 9:30,Halo,360,1079,PHTX,,,,,,,,,
0,2/10/2000 1:55,2/10/2000 2:00,14000,8000,N31E04,8858,C7.3,2/10/2000 2:30,Halo,360,944,PHTX,,,,,,,,,
0,2/12/2000 3:55,2/12/2000 9:20,4000,400,N26W23,8858,M1.7,2/12/2000 4:31,Halo,360,1107,PHTX,,,,,,,,,
0,2/17/2000 20:42,2/18/2000 22:12,14000,100,S29E07,8872,M1.3,2/17/2000 21:30,Halo,360,728,PHTX,,,,,,,,,
0,2/18/2000 9:44,2/18/2000 9:54,2000,1200,NW90b,-----,C1.1,2/18/2000 9:54,286,118,890,PHTX,,,,,,,,,
0,3/2/2000 13:50,3/2/2000 14:03,14000,6000,S20W58,8882,M6.5,3/2/2000 13:54,235,76,835,PHTX,,,,,,,,,
0,3/7/2000 16:24,3/7/2000 16:48,14000,4500,S22E77,8906,M1.2,3/7/2000 16:30,120,108,644,PHTX,,,,,,,,,
0,3/27/2000 6:56,3/27/2000 6:58,14000,10000,S00E90,8932,C2.3,3/27/2000 7:31,129,90,487,PHTX,,,,,,,,,
0,4/4/2000 15:45,4/4/2000 16:00,14000,9000,N16W66,8933,C9.7,4/4/2000 16:32,Halo,360,1188,PHTX,,,,,,,,,
0,4/9/2000 23:15,4/9/2000 23:45,4500,1000,S14W01,8948,M3.1,4/10/2000 0:30,Halo,360,409,PHTX,,,,,,,,,
0,4/18/2000 15:00,4/18/2000 16:00,14000,6000,S50W30,altr,FILA,4/18/2000 14:54,195,105,668,PHTX,,,,,,,,,
0,5/4/2000 11:10,5/4/2000 13:00,6500,1000,S17W87,8970,M6.8,5/4/2000 11:26,235,>170,1404,PHTX,,,,,,,,,
0,5/5/2000 16:35,5/5/2000 17:30,14000,2500,S17W87,8970,M1.5,5/5/2000 15:50,Halo,360,1594,PHTX,,,,,,,,,
0,5/7/2000 21:15,5/8/2000 0:00,14000,500,W90b,-----,----,5/7/2000 20:50,Halo,360,1781,PHTX,,,,,,,,,
0,5/12/2000 23:34,5/12/2000 23:42,14000,7000,E90b,-----,----,5/12/2000 23:26,Halo,360,2604,PHTX,,,,,,,,,
0,5/15/2000 16:47,5/16/2000 14:00,4800,40,S24W67,8993,C7.8,5/15/2000 16:26,257,>165,1212,PHTX,,,,,,,,,
0,6/2/2000 22:00,6/2/2000 22:15,14000,8000,N16E60,9026,M7.6,6/2/2000 21:30,69,104,547,PHTX,,,,,,,,,
0,6/6/2000 15:20,6/8/2000 9:00,14000,40,N20E18,9026,X2.3,6/6/2000 15:54,Halo,360,1119,PHTX,,,,,,,,,
0,6/10/2000 17:15,6/10/2000 18:45,10000,1000,N22W38,9026,M5.2,6/10/2000 17:08,Halo,360,1108,PHTX,,,,,,,,,
0,6/15/2000 19:52,6/15/2000 19:56,5000,2500,N20W65,9041,M1.8,6/15/2000 20:06,298,116,1081,PHTX,,,,,,,,,
0,6/17/2000 3:00,6/17/2000 4:15,14000,1000,N22W72,9041,M3.5,6/17/2000 3:28,298,133,857,PHTX,,,,,,,,,
0,6/23/2000 14:40,6/23/2000 15:05,14000,2000,N26W72,9042,M3.0,6/23/2000 14:54,282,>198,847,PHTX,,,,,,,,,
0,6/25/2000 8:10,6/25/2000 9:00,12000,2500,N16W55,9046,M1.9,6/25/2000 7:54,262,165,1617,PHTX,,,,,,,,,
0,7/10/2000 22:00,7/10/2000 23:30,14000,1000,N18E49,9077,M5.7,7/10/2000 21:50,67,>289,1352,PHTX,,,,,,,,,
0,7/11/2000 13:00,7/11/2000 13:30,12000,1000,N18E27,9077,X1.0,7/11/2000 13:27,Halo,360,1078,PHTX,,,,,,,,,
0,7/12/2000 20:05,7/12/2000 20:35,6000,1000,N19W61,9070,M1.5,7/12/2000 20:30,281,101,820,PHTX,,,,,,,,,
0,7/14/2000 10:30,7/15/2000 14:30,14000,80,N22W07,9077,X5.7,7/14/2000 10:54,Halo,360,1674,PHTX,,,,,,,,,
0,7/22/2000 11:45,7/22/2000 12:45,14000,2000,N14W56,9085,M3.7,7/22/2000 11:54,259,>229,1230,PHTX,,,,,,,,,
0,8/11/2000 11:35,8/11/2000 11:59,2800,2000,NW90b,-----,----,8/11/2000 7:31,273,70,1071,PHTX,uncertain,,,,,,,,
0,9/12/2000 12:00,9/13/2000 12:20,14000,60,S19W06,DSF,M1.0,9/12/2000 11:54,Halo,360,1550,PHTX,,,,,,,,,
0,9/12/2000 18:15,9/12/2000 19:00,2000,1000,NE90b,-----,----,9/12/2000 17:30,Halo,360,1053,PHTX,,,,,,,,,
0,9/16/2000 4:30,9/16/2000 10:30,14000,400,N14W07,9165,M5.9,9/16/2000 5:18,Halo,360,1215,PHTX,,,,,,,,,
0,9/19/2000 8:45,9/19/2000 10:20,12000,1500,N14W46,9165,M5.1,9/19/2000 8:50,283,76,766,PHTX,,,,,,,,,
0,9/25/2000 2:20,9/25/2000 3:00,14000,1000,N09W18,9169,M1.8,9/25/2000 2:50,Halo,360,587,PHTX,,,,,,,,,
0,10/16/2000 7:10,10/16/2000 8:00,14000,1000,N03W90,9182,M2.5,10/16/2000 7:27,Halo,360,1336,PHTX,,,,,,,,,
0,10/25/2000 9:30,10/26/2000 0:00,10000,300,N09W63,9199,C4.0,10/25/2000 8:26,Halo,360,770,PHTX,,,,,,,,,
0,11/3/2000 18:35,11/3/2000 18:45,4000,2500,N02W02,9213,C3.2,11/3/2000 18:26,Halo,360,291,PHTX,,,,,,,,,
0,11/8/2000 23:20,11/9/2000 12:00,4000,200,N10W77,9213,M7.4,11/8/2000 23:06,271,>170,1738,PHTX,,,,,,,,,
0,11/9/2000 16:15,11/11/2000 4:00,10000,40,S11E10,9221,M1.0,----,----,----,----,PHTX,CME_not_measurable_due_to_the_Snow_Storm,,,,,,,,
0,11/12/2000 14:25,11/12/2000 14:40,3000,2000,S14E05,9227,C4.4,11/12/2000 14:50,257,50,581,PHTX,,,,,,,,,
0,11/23/2000 8:16,11/23/2000 8:35,14000,9000,S26W40,9238,C5.4,11/23/2000 6:06,Halo,360,492,PHTX,,,,,,,,,
0,11/23/2000 21:00,11/23/2000 21:06,3500,3000,S20E60,9239,C7.9,11/23/2000 21:30,124,148,1198,PHTX,,,,,,,,,
0,11/24/2000 5:10,11/24/2000 15:00,14000,100,N20W05,9236,X2.0,11/24/2000 5:30,Halo,360,1289,PHTX,,,,,,,,,
0,11/24/2000 15:25,11/24/2000 22:00,14000,200,N22W07,9236,X2.3,11/24/2000 15:30,Halo,360,1245,PHTX,,,,,,,,,
0,11/24/2000 22:24,11/24/2000 22:36,4000,3000,N21W14,9236,X1.8,11/24/2000 22:06,Halo,360,1005,PHTX,,,,,,,,,
0,11/25/2000 1:25,11/25/2000 2:25,14000,3000,N07E50,9240,M8.2,11/25/2000 1:31,Halo,360,2519,PHTX,,,,,,,,,
0,11/25/2000 19:00,11/25/2000 19:35,6000,2000,N20W23,9236,X1.9,11/25/2000 19:31,Halo,360,671,PHTX,,,,,,,,,
0,11/25/2000 19:55,11/25/2000 20:25,13000,4000,N20W27,9236,----,11/25/2000 21:30,345,59,388,PHTX,,,,,,,,,
0,11/26/2000 17:00,11/26/2000 17:15,14000,7000,N18W38,9236,X4.0,11/26/2000 17:06,Halo,360,980,PHTX,,,,,,,,,
0,12/28/2000 12:40,12/28/2000 13:38,14000,1900,Back,-----,----,12/28/2000 12:06,Halo,360,930,PHTX,,,,,,,,,
0,1/20/2001 19:12,1/20/2001 19:16,14000,6000,S07E40,9313,M1.2,1/20/2001 19:31,Halo,360,839,PHTX,,,,,,,,,
0,1/20/2001 21:30,1/21/2001 0:00,14000,500,S07E46,9313,M7.7,1/20/2001 21:30,Halo,360,1507,PHTX,,,,,,,,,
0,1/26/2001 12:06,1/26/2001 14:20,14000,400,S23W57,9320,C1.6,1/26/2001 12:06,276,176,928,PHTX,,,,,,,,,
0,1/28/2001 15:45,1/28/2001 17:00,14000,200,S04W59,9313,M1.5,1/28/2001 15:54,Halo,360,916,PHTX,,,,,,,,,
0,2/11/2001 1:40,2/11/2001 1:55,12000,5500,N24W57,9346,C6.5,2/11/2001 1:31,Halo,360,1183,PHTX,,,,,,,,,
0,3/10/2001 4:18,3/10/2001 4:32,14000,4000,N27W42,9368,M6.7,3/10/2001 4:26,297,81,819,PHTX,,,,,,,,,
0,3/12/2001 5:35,3/12/2001 5:45,3000,1500,BACK,-----,----,3/12/2001 5:50,233,48,829,PHTX,,,,,,,,,
0,3/27/2001 2:35,3/27/2001 3:15,6000,1000,N14E17,9393,C7.3,3/27/2001 2:06,154,60,300,PHTX,,,,,,,,,
0,3/27/2001 15:00,3/27/2001 15:20,4000,1500,N15E14,9393,C5.6,3/27/2001 17:06,46,66,340,PHTX,,,,,,,,,
0,3/29/2001 10:12,3/30/2001 6:00,4000,60,N20W19,9393,X1.7,3/29/2001 10:26,Halo,360,942,PHTX,,,,,,,,,
0,4/2/2001 11:30,4/2/2001 12:00,14000,5000,N20W70,9393,X1.1,4/2/2001 11:26,270,80,992,PHTX,,,,,,,,,
0,4/2/2001 22:05,4/3/2001 2:30,14000,250,N19W72,9393,X20.,4/2/2001 22:06,261,244,2505,PHTX,,,,,,,,,
0,4/3/2001 3:40,4/3/2001 7:25,14000,400,S21E83,9415,X1.2,4/3/2001 3:26,108,292,1613,PHTX,,,,,,,,,
0,4/4/2001 9:50,4/4/2001 10:10,13000,3000,S21E68,9415,M1.6,4/4/2001 9:50,86,89,1065,PHTX,,,,,,,,,
0,4/5/2001 9:14,4/5/2001 9:34,14000,7500,N14W85,9393,M8.4,4/5/2001 9:06,283,205,1750,PHTX,uncertain,,,,,,,,
0,4/6/2001 19:35,4/7/2001 1:50,14000,230,S21E31,9415,X5.6,4/6/2001 19:30,Halo,360,1270,PHTX,Double,type,"II,",CME-CME,interaction?,,,,
0,4/9/2001 15:53,4/10/2001 1:00,12000,100,S21W04,9415,M7.9,4/9/2001 15:54,Halo,360,1192,PHTX,,,,,,,,,
0,4/10/2001 5:24,4/11/2001 0:00,14000,100,S23W09,9415,X2.3,4/10/2001 5:30,Halo,360,2411,PHTX,,,,,,,,,
0,4/11/2001 13:15,4/11/2001 14:15,14000,1500,S22W27,9415,M2.3,4/11/2001 13:31,Halo,360,1103,PHTX,,,,,,,,,
0,4/12/2001 10:20,4/12/2001 10:40,14000,7000,S19W43,9415,X2.0,4/12/2001 10:31,Halo,360,1184,PHTX,,,,,,,,,
0,4/15/2001 14:05,4/16/2001 13:00,14000,40,S20W85,9415,X14.,4/15/2001 14:06,245,167,1199,PHTX,,,,,,,,,
0,4/18/2001 2:55,4/18/2001 14:00,1000,100,SW90b,-----,C2.2,4/18/2001 2:30,Halo,360,2465,PHTX,,,,,,,,,
0,4/26/2001 12:40,4/28/2001 5:00,5000,20,N20W05,9433,M1.5,4/26/2001 12:30,Halo,360,1006,PHTX,,,,,,,,,
0,5/7/2001 12:00,5/7/2001 13:50,2000,280,NW90b,-----,----,5/7/2001 12:06,286,205,1223,PHTX,,,,,,,,,
0,5/12/2001 23:52,5/13/2001 0:12,3000,1000,S17E00,9455,M3.0,5/13/2001 2:21,190,132,527,PHTX,,,,,,,,,
0,5/30/2001 0:25,5/30/2001 1:38,14000,1000,E90b,9481,----,5/30/2001 0:06,70,216,2087,PHTX,,,,,,,,,
0,6/15/2001 10:50,6/15/2001 11:15,7000,3000,S26E41,9502,M6.3,6/15/2001 10:31,185,119,1090,PHTX,,,,,,,,,
0,6/15/2001 16:05,6/15/2001 16:20,14000,3500,W90b,-----,----,6/15/2001 15:56,Halo,360,1701,PHTX,,,,,,,,,
0,8/16/2001 0:10,8/16/2001 16:10,5400,150,Back,-----,----,8/15/2001 23:54,Halo,360,1575,PHTX,,,,,,,,,
0,8/25/2001 16:50,8/25/2001 23:00,8000,170,S17E34,9591,X5.3,8/25/2001 16:50,Halo,360,1433,PHTX,,,,,,,,,
0,8/30/2001 20:43,8/30/2001 20:47,12000,10000,N15E44,9601,M3.0,8/30/2001 21:26,82,76,351,PHTX,,,,,,,,,
0,9/3/2001 18:48,9/3/2001 19:00,12000,7500,S23E90,9607,M2.5,9/3/2001 18:35,127,207,1352,PHTX,,,,,,,,,
0,9/15/2001 11:50,9/15/2001 12:05,14000,6000,S21W49,9608,M1.5,9/15/2001 11:54,263,130,478,PHTX,,,,,,,,,
0,9/16/2001 13:50,9/16/2001 14:10,3000,2000,S13E15,9616,C8.9,9/16/2001 14:30,131,68,584,PHTX,,,,,,,,,
0,9/17/2001 8:35,9/17/2001 8:47,14000,5400,S14E04,9616,M1.5,9/17/2001 8:54,198,166,1009,PHTX,,,,,,,,,
0,9/20/2001 18:43,9/20/2001 18:57,14000,10000,N09W11,9631,M1.5,9/20/2001 19:31,306,207,446,PHTX,,,,,,,,,
0,9/24/2001 10:45,9/25/2001 20:00,7000,30,S16E23,9632,X2.6,9/24/2001 10:30,Halo,360,2402,PHTX,,,,,,,,,
0,9/27/2001 8:15,9/28/2001 7:00,4000,80,S15W40,EP,C9.5,9/27/2001 8:06,224,138,669,PHTX,,,,,,,,,
0,10/1/2001 7:00,10/1/2001 18:30,1000,150,S24W81,9628,M9.1,10/1/2001 5:30,Halo,360,1405,PHTX,,,,,,,,,
0,10/5/2001 11:35,10/5/2001 12:55,1400,500,SW90b,-----,----,10/5/2001 10:30,Halo,360,1537,PHTX,,,,,,,,,
0,10/9/2001 11:15,10/9/2001 16:00,8000,200,S28E08,9653,M1.4,10/9/2001 11:30,Halo,360,973,PHTX,,,,,,,,,
0,10/9/2001 11:20,10/9/2001 11:55,14000,2000,S28E08,9653,----,----,----,----,----,PHTX,------,,,,,,,,
0,10/9/2001 13:10,10/9/2001 23:00,5000,50,BACK,-----,----,----,----,----,----,PHTX,Possible,HALO,,,,,,,
0,10/19/2001 1:15,10/19/2001 2:25,14000,1300,N16W18,9661,X1.6,10/19/2001 1:27,Halo,360,558,PHTX,,,,,,,,,
0,10/19/2001 16:45,10/21/2001 16:40,14000,30,N15W29,9661,X1.6,10/19/2001 16:50,Halo,360,901,PHTX,,,,,,,,,
0,10/22/2001 15:15,10/22/2001 17:40,8000,1200,S21E18,9672,M6.7,10/22/2001 15:06,Halo,360,1336,PHTX,,,,,,,,,
0,10/25/2001 15:30,10/27/2001 23:00,14000,30,S16W21,9672,X1.3,10/25/2001 15:26,Halo,360,1092,PHTX,,,,,,,,,
0,11/4/2001 16:30,11/6/2001 11:00,14000,70,N06W18,9684,X1.0,11/4/2001 16:35,Halo,360,1810,PHTX,,,,,,,,,
0,11/17/2001 5:35,11/17/2001 6:40,11000,1700,S13E42,9704,M2.8,11/17/2001 5:30,Halo,360,1379,PHTX,uncertain,,,,,,,,
0,11/22/2001 20:50,11/22/2001 22:23,8000,1000,S25W67,9698,M3.8,11/22/2001 20:30,Halo,360,1443,PHTX,,,,,,,,,
0,11/22/2001 22:40,11/24/2001 2:30,14000,40,S17W36,9704,M9.9,11/22/2001 23:30,Halo,360,1437,PHTX,,,,,,,,,
0,12/11/2001 12:45,12/11/2001 17:00,4500,750,SW90b,-----,----,12/11/2001 9:54,263,121,891,PHTX,,,,,,,,,
0,12/25/2001 11:25,12/25/2001 12:40,14000,1000,SE90b,-----,----,12/25/2001 11:30,Halo,360,1773,PHTX,,,,,,,,,
0,12/26/2001 5:20,12/27/2001 5:00,14000,150,N08W54,9742,M7.1,12/26/2001 5:30,281,>212,1446,PHTX,,,,,,,,,
0,12/28/2001 20:35,12/29/2001 3:00,14000,350,S26E90,9756,X3.4,12/28/2001 20:30,Halo,360,2216,PHTX,,,,,,,,,
0,12/29/2001 20:45,12/29/2001 21:05,3000,1500,BACK,-----,----,12/29/2001 20:30,297,>211,819,PHTX,,,,,,,,,
0,1/8/2002 18:30,1/10/2002 0:00,14000,90,NE90b,-----,----,1/8/2002 17:54,Halo,360,1794,PHTX,,,,,,,,,
0,1/14/2002 6:25,1/14/2002 21:30,12000,100,S28W83,9772,M4.4,1/14/2002 5:35,Halo,360,1492,PHTX,,,,,,,,,
0,1/27/2002 12:49,1/27/2002 13:25,14000,3000,Back?,-----,----,1/27/2002 12:30,Halo,360,1136,PHTX,,,,,,,,,
0,2/1/2002 19:23,2/1/2002 19:31,14000,11000,BACK,-----,----,2/1/2002 19:54,350,89,448,PHTX,,,,,,,,,
0,2/21/2002 12:35,2/21/2002 12:50,4000,1500,N16W79,9825,M3.9,2/21/2002 12:54,275,108,358,PHTX,,,,,,,,,
0,3/11/2002 0:00,3/11/2002 0:15,14000,8000,S11E90,9866,M2.3,3/10/2002 23:06,Halo,360,1429,PHTX,,,,,,,,,
0,3/12/2002 0:00,3/12/2002 2:20,14000,2200,S15E45,-----,M5.0,3/11/2002 23:30,Halo,360,950,PHTX,broad,feature,,,,,,,
0,3/15/2002 22:45,3/15/2002 23:30,14000,6000,S08W03,9866,M2.2,3/15/2002 23:06,Halo,360,957,PHTX,,,,,,,,,
0,3/17/2002 6:00,3/17/2002 6:35,3000,1000,S20E24,9871,C3.1,3/17/2002 4:06,141,56,658,PHTX,,,,,,,,,
0,3/18/2002 2:55,3/18/2002 5:35,14000,1000,S10W30,9873,M1.0,3/18/2002 2:54,Halo,360,989,PHTX,,,,,,,,,
0,3/22/2002 11:30,3/22/2002 12:40,14000,500,S09W90,9866,M1.6,3/22/2002 11:06,Halo,360,1750,PHTX,,,,,,,,,
0,3/22/2002 13:10,3/22/2002 13:35,3000,2000,S00W90,9866,M1.6,3/22/2002 12:30,243,120,875,PHTX,,,,,,,,,
0,4/10/2002 12:59,4/10/2002 13:02,13000,12000,N15W14,9893,M8.2,4/10/2002 13:27,340,159,650,PHTX,,,,,,,,,
0,4/14/2002 7:50,4/14/2002 8:10,14000,8000,N19W57,9893,C9.6,4/14/2002 7:50,323,76,757,PHTX,,,,,,,,,
0,4/15/2002 3:35,4/15/2002 4:15,11000,1500,S15W01,9906,M1.2,4/15/2002 3:50,Halo,360,720,PHTX,,,,,,,,,
0,4/17/2002 8:30,4/19/2002 4:00,5000,40,S14W34,9906,M2.6,4/17/2002 8:26,Halo,360,1240,PHTX,,,,,,,,,
0,4/21/2002 1:30,4/22/2002 0:00,10000,60,S14W84,9906,X1.5,4/21/2002 1:27,Halo,360,2393,PHTX,,,,,,,,,
0,4/30/2002 14:15,4/30/2002 14:23,4000,2500,S16E77,9934,C3.2,4/30/2002 14:26,92,90,618,PHTX,,,,,,,,,
0,4/30/2002 22:30,4/30/2002 23:20,2000,500,W90b,-----,----,4/30/2002 23:26,254,199,1103,PHTX,uncertain,,,,,,,,
0,5/2/2002 23:50,5/3/2002 0:10,2800,900,E90b,9937,----,5/2/2002 23:18,119,99,902,PHTX,uncertain,,,,,,,,
0,5/16/2002 1:50,5/16/2002 3:30,9000,2000,S22E01,9948,C4.5,5/16/2002 0:50,Halo,360,600,PHTX,,,,,,,,,
0,5/22/2002 0:00,5/22/2002 0:30,14000,8000,S25W64,9948,C9.7,5/22/2002 0:06,230,186,1246,PHTX,,,,,,,,,
0,5/27/2002 12:50,5/27/2002 13:50,14000,5000,N18E18,9967,C3.7,5/27/2002 13:27,49,>161,1106,PHTX,,,,,,,,,
0,7/7/2002 11:35,7/7/2002 20:00,14000,200,S19W90,10017,M1.0,7/7/2002 11:30,277,>228,1423,PHTX,,,,,,,,,
0,7/9/2002 19:46,7/9/2002 20:40,1000,650,W90b,-----,----,7/9/2002 19:31,Halo,360,1076,PHTX,,,,,,,,,
0,7/15/2002 21:15,7/16/2002 5:00,5000,175,N19W01,10030,M1.8,7/15/2002 21:30,14,>188,1300,PHTX,,,,,,,,,
0,7/17/2002 7:30,7/17/2002 7:45,3500,2000,N21W17,10030,M8.5,7/17/2002 7:31,36,177,716,PHTX,,,,,,,,,
0,7/18/2002 7:55,7/18/2002 8:45,14000,1500,N19W30,10030,X1.8,7/18/2002 8:06,Halo,360,1099,PHTX,,,,,,,,,
0,7/18/2002 20:55,7/18/2002 21:40,6000,3000,E90b,10036,C3.3,7/18/2002 19:31,Halo,360,2191,PHTX,,,,,,,,,
0,7/19/2002 16:40,7/19/2002 17:10,5000,1000,S15E90,-----,----,7/19/2002 16:30,Halo,360,2047,PHTX,,,,,,,,,
0,7/20/2002 21:30,7/20/2002 22:20,10000,2000,S13E90,10039,X3.3,7/20/2002 22:06,Halo,360,1941,PHTX,,,,,,,,,
0,7/23/2002 0:50,7/23/2002 4:00,11000,400,S13E72,10039,X4.8,7/23/2002 0:42,Halo,360,2285,PHTX,,,,,,,,,
0,7/26/2002 22:27,7/26/2002 23:30,14000,2000,S19E26,10039,M8.7,7/26/2002 22:06,Halo,360,818,PHTX,,,,,,,,,
0,7/29/2002 12:10,7/29/2002 12:45,4200,1300,N10W15,FILA,----,7/29/2002 12:07,13,>236,562,PHTX,,,,,,,,,
0,8/3/2002 19:20,8/3/2002 20:30,14000,2000,S16W76,10039,X1.0,8/3/2002 19:31,259,138,1150,PHTX,,,,,,,,,
0,8/14/2002 2:20,8/15/2002 0:00,1000,30,N09W54,10061,M2.3,8/14/2002 2:30,297,133,1309,PHTX,,,,,,,,,
0,8/16/2002 6:15,8/16/2002 9:30,14000,300,N07W83,10061,M2.4,8/16/2002 6:06,293,162,1378,PHTX,,,,,,,,,
0,8/16/2002 12:20,8/17/2002 21:00,14000,60,S14E20,10069,M5.2,8/16/2002 12:30,Halo,360,1585,PHTX,,,,,,,,,
0,8/22/2002 2:50,8/22/2002 4:13,14000,3500,S07W62,-----,M5.4,8/22/2002 2:06,Halo,360,998,PHTX,"Faint,",broad,feature,,,,,,
0,8/24/2002 1:45,8/24/2002 3:25,5000,400,S02W81,10069,X3.1,8/24/2002 1:27,Halo,360,1913,PHTX,,,,,,,,,
0,9/5/2002 16:55,9/7/2002 16:22,14000,30,N09E28,10102,C5.2,9/5/2002 16:54,Halo,360,1748,PHTX,,,,,,,,,
0,9/10/2002 15:19,9/10/2002 16:00,14000,8500,S10E43,10105,M2.9,9/10/2002 15:30,127,38,273,PHTX,,,,,,,,,
0,9/27/2002 13:35,9/27/2002 14:30,14000,8000,N13E45,10134,M1.8,9/27/2002 13:56,64,64,591,PHTX,,,,,,,,,
0,10/13/2002 18:10,10/13/2002 18:40,14000,4000,S07W54,10150,C4.7,10/13/2002 19:35,252,141,373,PHTX,,,,,,,,,
0,10/14/2002 0:19,10/14/2002 2:00,1700,500,S13E75,10159,M2.2,10/13/2002 23:54,107,264,1009,PHTX,uncertain,,,,,,,,
0,10/14/2002 14:35,10/14/2002 16:50,14000,1200,NE90b,-----,C4.5,10/14/2002 14:54,Halo,360,1694,PHTX,,,,,,,,,
0,10/27/2002 23:06,10/28/2002 1:20,14000,300,SE90b,-----,----,10/27/2002 23:18,Halo,360,2115,PHTX,,,,,,,,,
0,11/9/2002 13:20,11/10/2002 3:00,14000,100,S12W29,10180,M4.6,11/9/2002 13:31,Halo,360,1838,PHTX,,,,,,,,,
0,11/10/2002 3:20,11/10/2002 6:00,3000,300,S12W37,10180,M2.4,11/10/2002 3:30,203,282,1670,PHTX,,,,,,,,,
0,11/11/2002 16:15,11/11/2002 17:50,14000,600,S13W60,10180,M1.8,11/11/2002 15:54,212,93,1083,PHTX,,,,,,,,,
0,11/24/2002 20:05,11/24/2002 20:45,14000,7000,N20E35,-----,----,11/24/2002 20:30,Halo,360,1077,PHTX,,,,,,,,,
0,12/19/2002 21:45,12/19/2002 22:30,14000,1500,N15W09,10229,M2.7,12/19/2002 22:06,Halo,360,1092,PHTX,,,,,,,,,
0,12/22/2002 4:20,12/22/2002 4:50,5500,3500,N23W42,10223,M1.1,12/22/2002 3:30,328,272,1071,PHTX,,,,,,,,,
0,1/20/2003 19:10,1/20/2003 20:00,14000,6000,N34W26,FILA,C1.7,1/20/2003 18:30,315,105,733,PHTX,,,,,,,,,
0,1/27/2003 22:20,1/27/2003 22:26,11000,8000,S17W23,FILA,C2.4,1/27/2003 22:23,205,267,1053,PHTX,,,,,,,,,
0,3/18/2003 12:25,3/18/2003 13:45,4500,500,S15W46,10314,X1.5,3/18/2003 12:30,263,209,1601,PHTX,,,,,,,,,
0,3/18/2003 13:55,3/18/2003 14:10,14000,7000,S90b,-----,----,3/18/2003 13:54,Halo,360,1042,PHTX,,,,,,,,,
0,3/19/2003 2:30,3/19/2003 3:15,14000,6000,SW90b,-----,----,3/19/2003 2:30,Halo,360,1342,PHTX,,,,,,,,,
0,4/22/2003 7:25,4/22/2003 8:22,3500,700,NE90b,-----,----,4/22/2003 7:36,87,171,918,PHTX,,,,,,,,,
0,5/27/2003 23:12,5/27/2003 23:45,14000,2000,S07W17,10365,X1.3,5/27/2003 23:50,Halo,360,964,PHTX,,,,,,,,,
0,5/28/2003 1:00,5/29/2003 0:30,1000,200,S07W20,10365,X3.6,5/28/2003 0:50,Halo,360,1366,PHTX,,,,,,,,,
0,5/29/2003 1:10,5/29/2003 8:00,13000,200,S06W37,10365,X1.2,5/29/2003 1:27,Halo,360,1237,PHTX,,,,,,,,,
0,5/31/2003 3:00,5/31/2003 8:00,1000,150,S07W65,10365,M9.3,5/31/2003 2:30,Halo,360,1835,PHTX,,,,,,,,,
0,6/5/2003 0:00,6/5/2003 0:00,????,????,W90b,-----,----,6/5/2003 20:06,230,239,1458,PHTX,uncertain,,,,,,,,
0,6/16/2003 0:00,6/16/2003 3:00,14000,400,S07E80,10386,X1.3,6/15/2003 23:54,Halo,360,2053,PHTX,,,,,,,,,
0,6/17/2003 22:50,6/18/2003 5:30,10000,200,S07E55,10386,M6.8,6/17/2003 23:18,Halo,360,1813,PHTX,,,,,,,,,
0,7/10/2003 14:10,7/10/2003 16:10,4000,400,N13W90,10397,M3.6,----,----,----,----,PHTX,LASCO_DATA_GAP,,,,,,,,
0,8/19/2003 11:15,8/19/2003 12:00,14000,1000,S10W57,10431,M2.7,8/19/2003 10:30,262,111,468,PHTX,,,,,,,,,
0,10/21/2003 4:10,10/21/2003 4:55,5000,1000,SE90b,-----,----,10/21/2003 3:54,Halo,360,1484,PHTX,,,,,,,,,
0,10/26/2003 7:00,10/26/2003 9:15,8000,1500,S15E44,10486,X1.2,10/26/2003 6:54,108,>207,1371,PHTX,,,,,,,,,
0,10/26/2003 17:45,10/26/2003 19:40,14000,1500,N02W38,10484,X1.2,10/26/2003 17:54,270,>171,1537,PHTX,,,,,,,,,
0,10/28/2003 11:10,10/30/2003 0:00,14000,40,S16E08,10486,X17.,10/28/2003 11:30,Halo,360,2459,PHTX,,,,,,,,,
0,10/29/2003 20:55,10/30/2003 0:00,11000,500,S15W02,10486,X10.,10/29/2003 20:54,Halo,360,2029,PHTX,,,,,,,,,
0,11/1/2003 22:55,11/2/2003 0:50,14000,2000,S12W60,10486,M3.2,11/1/2003 23:06,254,>93,899,PHTX,,,,,,,,,
0,11/2/2003 9:23,11/2/2003 11:22,14000,550,SW90b,-----,----,11/2/2003 9:30,Halo,360,2036,PHTX,,,,,,,,,
0,11/2/2003 17:30,11/3/2003 1:00,12000,250,S14W56,10486,X8.3,11/2/2003 17:30,Halo,360,2598,PHTX,,,,,,,,,
0,11/3/2003 1:15,11/3/2003 1:25,3000,1500,N10W83,10488,X2.7,11/3/2003 1:59,304,65,827,PHTX,,,,,,,,,
0,11/3/2003 10:00,11/3/2003 12:30,6000,400,N08W77,10488,X3.9,11/3/2003 10:06,293,103,1420,PHTX,,,,,,,,,
0,11/4/2003 20:00,11/5/2003 0:00,10000,200,S19W83,10486,X28.,11/4/2003 19:54,Halo,360,2657,PHTX,,,,,,,,,
0,11/9/2003 0:00,11/9/2003 0:00,????,????,E90b,-----,----,11/9/2003 6:30,Halo,360,2008,PHTX,,,,,,,,,
0,11/11/2003 0:00,11/11/2003 0:00,????,????,W90b,-----,----,11/11/2003 2:30,Halo,360,1359,PHTX,,,,,,,,,
0,11/13/2003 9:35,11/13/2003 10:50,14000,4000,N12E90,10501,M1.4,11/13/2003 9:30,49,217,1141,PHTX,,,,,,,,,
0,11/17/2003 9:05,11/17/2003 9:20,4000,1500,S01E33,10501,M4.2,11/17/2003 9:26,72,>242,1061,PHTX,,,,,,,,,
0,11/18/2003 0:00,11/18/2003 0:00,????,????,N00E18,10501,M3.9,11/18/2003 8:50,Halo,360,1660,PHTX,,,,,,,,,
0,11/18/2003 10:15,11/18/2003 11:30,5000,2000,S16E90,10508,M4.5,11/18/2003 9:50,95,>197,1824,PHTX,,,,,,,,,
0,12/2/2003 11:00,12/2/2003 12:00,14000,9000,S14W70,10508,C7.2,12/2/2003 10:50,261,>150,1393,PHTX,,,,,,,,,
0,1/5/2004 3:40,1/5/2004 3:50,9000,2500,S12E38,10536,M6.9,----,----,----,----,PHTX,LASCO_DATA_GAP,,,,,,,,
0,1/6/2004 6:40,1/6/2004 7:23,14000,2000,N05E90,10537,M5.8,1/6/2004 8:53,88,166,1469,PHTX,PARTIAL,LASCO_DATA_GAP,,,,,,,
0,1/7/2004 4:15,1/7/2004 6:15,14000,750,N02E82,10537,M4.5,1/7/2004 4:06,78,171,1581,PHTX,,,,,,,,,
0,1/7/2004 10:35,1/7/2004 11:35,14000,1500,N06E75,10537,M8.3,1/7/2004 10:30,81,182,1822,PHTX,,,,,,,,,
0,4/6/2004 13:05,4/6/2004 16:00,8000,300,S18E15,10588,M2.4,4/6/2004 13:31,Halo,360,1368,PHTX,,,,,,,,,
0,4/8/2004 10:25,4/8/2004 12:50,3000,500,S15W11,10588,C7.4,4/8/2004 10:30,Halo,360,1068,PHTX,,,,,,,,,
0,4/8/2004 13:30,4/8/2004 14:00,6000,3000,S19W08,10588,C1.3,4/8/2004 13:31,198,92,959,PHTX,,,,,,,,,
0,4/11/2004 4:20,4/11/2004 5:35,14000,500,S14W47,10588,C9.6,4/11/2004 4:30,203,314,1645,PHTX,,,,,,,,,
0,6/2/2004 23:13,6/2/2004 23:55,14000,2100,W90b,-----,----,6/2/2004 23:15,287,136,1102,PHTX,,,,,,,,,
0,6/3/2004 16:48,6/3/2004 17:10,12000,5000,W90b,-----,----,6/3/2004 16:50,303,179,1226,PHTX,uncertain,,,,,,,,
0,6/4/2004 7:50,6/4/2004 9:55,14000,2500,W90b,-----,----,6/4/2004 7:50,309,>273,1306,PHTX,,,,,,,,,
0,6/22/2004 22:07,6/22/2004 22:30,10000,7000,S12W24,10635,C1.7,----,----,----,----,PHTX,LASCO_DATA_GAP,,,,,,,,
0,6/23/2004 6:30,6/23/2004 8:55,14000,5000,S09W21,10635,C2.5,----,----,----,----,PHTX,LASCO_DATA_GAP,,,,,,,,
0,7/23/2004 19:00,7/23/2004 19:35,10000,2500,N04W05,10652,C4.1,7/23/2004 19:31,209,100,874,PHTX,,,,,,,,,
0,7/25/2004 15:00,7/26/2004 22:25,1000,28,N08W33,10652,M1.1,7/25/2004 14:54,Halo,360,1333,PHTX,,,,,,,,,
0,7/29/2004 13:20,7/30/2004 20:30,1000,50,N00W90,10652,C2.1,7/29/2004 12:06,Halo,360,1180,PHTX,,,,,,,,,
0,7/31/2004 7:10,7/31/2004 11:30,1000,200,N05W89,10652,C8.4,7/31/2004 5:54,259,>197,1192,PHTX,,,,,,,,,
0,8/8/2004 9:15,8/8/2004 9:22,14000,7000,BACK,-----,----,8/8/2004 8:54,Halo,360,1004,PHTX,,,,,,,,,
0,9/12/2004 0:45,9/13/2004 21:00,14000,40,N03E49,10672,M4.8,9/12/2004 0:36,Halo,360,1328,PHTX,,,,,,,,,
0,9/19/2004 17:15,9/19/2004 18:15,14000,2500,N03W58,10672,M1.9,----,----,----,----,PHTX,LASCO_DATA_GAP,,,,,,,,
0,10/24/2004 3:12,10/24/2004 3:21,14000,8000,N11E19,10687,C1.7,10/24/2004 3:54,26,>109,417,PHTX,,,,,,,,,
0,10/30/2004 6:40,10/30/2004 7:40,4000,1000,N13W22,10691,M4.2,10/30/2004 6:54,Halo,360,422,PHTX,,,,,,,,,
0,11/1/2004 5:55,11/1/2004 7:25,3000,400,W90b,-----,----,11/1/2004 6:06,266,146,925,PHTX,,,,,,,,,
0,11/3/2004 15:55,11/3/2004 16:30,14000,3400,N09E38,10696,M5.0,11/3/2004 16:06,Halo,360,1068,PHTX,,,,,,,,,
0,11/3/2004 3:35,11/3/2004 4:10,2000,1200,N09E45,10696,M1.6,11/3/2004 3:54,91,>239,918,PHTX,,,,,,,,,
0,11/6/2004 1:50,11/6/2004 2:45,6000,700,N09E05,10696,M3.6,11/6/2004 2:06,351,>214,1111,PHTX,,,,,,,,,
0,11/7/2004 16:25,11/8/2004 20:00,14000,60,N09W17,10696,X2.0,11/7/2004 16:54,Halo,360,1759,PHTX,,,,,,,,,
0,11/9/2004 17:35,11/9/2004 18:10,14000,5000,N08W51,10696,M8.9,11/9/2004 17:26,Halo,360,2000,PHTX,,,,,,,,,
0,11/10/2004 2:25,11/10/2004 3:40,14000,1000,N09W49,10696,X2.5,11/10/2004 2:26,Halo,360,3387,PHTX,,,,,,,,,
0,12/3/2004 0:07,12/4/2004 4:30,10000,60,N08W02,10708,M1.5,12/3/2004 0:26,Halo,360,1216,PHTX,,,,,,,,,
0,12/8/2004 20:05,12/8/2004 20:10,14000,8000,N08W03,10709,C2.5,12/8/2004 20:26,Halo,360,611,PHTX,,,,,,,,,
0,12/29/2004 16:35,12/29/2004 17:00,14000,4500,N04E62,10715,M2.3,12/29/2004 16:45,71,140,774,PHTX,,,,,,,,,
0,12/30/2004 23:45,12/31/2004 4:20,5000,700,N04E46,10715,M4.2,12/30/2004 22:30,Halo,360,1035,PHTX,,,,,,,,,
0,1/1/2005 0:45,1/1/2005 2:25,14000,450,N06E34,10715,X1.7,1/1/2005 0:54,Halo,360,832,PHTX,,,,,,,,,
0,1/4/2005 11:20,1/4/2005 11:35,13000,6000,N05W11,10715,C7.3,----,----,----,----,PHTX,Faint_CME_not_measurable,,,,,,,,
0,1/15/2005 6:15,1/15/2005 9:30,14000,150,N16E04,10720,M8.6,1/15/2005 6:30,Halo,360,2049,PHTX,,,,,,,,,
0,1/15/2005 23:00,1/17/2005 0:00,3000,40,N15W05,10720,X2.6,1/15/2005 23:06,Halo,360,2861,PHTX,,,,,,,,,
0,1/17/2005 9:25,1/17/2005 16:00,14000,30,N15W25,10720,X2.0,1/17/2005 9:30,Halo,360,2094,PHTX,,,,,,,,,
0,1/17/2005 10:00,1/17/2005 10:35,6100,1500,N15W25,10720,X3.8,1/17/2005 9:54,Halo,360,2547,PHTX,CME-CME,interaction,,,,,,,
0,1/19/2005 9:20,1/20/2005 0:00,5300,40,N15W51,10720,X1.3,1/19/2005 8:29,Halo,360,2020,PHTX,,,,,,,,,
0,1/20/2005 7:15,1/20/2005 16:30,14000,25,N14W61,10720,X7.1,1/20/2005 6:54,Halo,360,882,PHTX,,,,,,,,,
0,2/1/2005 11:40,2/1/2005 11:50,8000,4000,BACK,-----,----,2/1/2005 11:06,Halo,360,1380,PHTX,,,,,,,,,
0,5/2/2005 22:40,5/2/2005 23:00,14000,5500,S05E90,10758,C8.0,5/2/2005 22:26,105,148,955,PHTX,,,,,,,,,
0,5/3/2005 0:20,5/3/2005 1:10,14000,1500,S05E90,10758,----,5/3/2005 0:26,82,>66,978,PHTX,,,,,,,,,
0,5/6/2005 17:52,5/6/2005 18:03,5000,4000,S09E29,10758,C8.5,5/6/2005 17:28,Halo,360,1128,PHTX,,,,,,,,,
0,5/13/2005 17:00,5/15/2005 2:10,5000,40,N12E11,10759,M8.0,5/13/2005 17:12,Halo,360,1689,PHTX,,,,,,,,,
0,5/17/2005 3:20,5/17/2005 3:35,4500,1500,BACK,-----,----,5/17/2005 3:06,252,89,311,PHTX,,,,,,,,,
0,6/3/2005 12:50,6/3/2005 15:00,10000,270,N15E90,10775,M1.0,6/3/2005 12:32,Halo,360,1679,PHTX,,,,,,,,,
0,6/16/2005 20:25,6/16/2005 21:40,9000,1000,N08W90,10775,M4.0,----,----,----,----,PHTX,LASCO_DATA_GAP,,,,,,,,
0,7/7/2005 16:30,7/7/2005 16:40,4000,2000,N09E03,10786,M4.9,7/7/2005 17:06,Halo,360,683,PHTX,,,,,,,,,
0,7/9/2005 22:15,7/9/2005 23:00,14000,600,N12W28,10786,M2.8,7/9/2005 22:30,Halo,360,1540,PHTX,,,,,,,,,
0,7/13/2005 14:15,7/13/2005 15:05,14000,1000,N11W90,10786,M5.0,7/13/2005 14:30,Halo,360,1423,PHTX,,,,,,,,,
0,7/14/2005 11:00,7/14/2005 12:54,3000,800,N11W90,10786,X1.2,7/14/2005 10:54,Halo,360,2115,PHTX,,,,,,,,,
0,7/17/2005 11:50,7/17/2005 13:45,7000,300,BACK,-----,----,7/17/2005 11:30,Halo,360,1527,PHTX,,,,,,,,,
0,7/24/2005 13:50,7/24/2005 22:30,14000,150,BACK,-----,----,7/24/2005 13:54,Halo,360,2528,PHTX,,,,,,,,,
0,7/24/2005 22:35,7/24/2005 22:40,1000,700,BACK,-----,----,7/24/2005 22:30,Halo,360,1234,PHTX,,,,,,,,,
0,7/27/2005 5:20,7/27/2005 6:45,1000,450,N11E90,10792,M3.7,7/27/2005 4:54,Halo,360,1787,PHTX,,,,,,,,,
0,7/27/2005 7:45,7/27/2005 8:30,2500,1000,NE90b,-----,----,7/27/2005 7:54,65,51,533,PHTX,,,,,,,,,
0,7/30/2005 7:40,7/30/2005 20:00,9000,80,N12E60,10792,X1.3,7/30/2005 6:50,Halo,360,1968,PHTX,,,,,,,,,
0,8/1/2005 14:15,8/1/2005 14:50,14000,4500,N13E32,10792,M1.0,8/1/2005 14:30,83,93,984,PHTX,,,,,,,,,
0,8/22/2005 1:30,8/22/2005 3:35,8000,550,S11W54,10798,M2.6,8/22/2005 1:31,Halo,360,1194,PHTX,,,,,,,,,
0,8/22/2005 17:15,8/23/2005 13:00,12000,40,S13W65,10798,M5.6,8/22/2005 17:30,Halo,360,2378,PHTX,,,,,,,,,
0,8/23/2005 15:00,8/23/2005 19:30,13000,400,S14W90,10798,M2.7,8/23/2005 14:54,Halo,360,1929,PHTX,,,,,,,,,
0,8/29/2005 11:10,8/29/2005 11:14,10000,6000,BACK,-----,----,8/29/2005 10:54,Halo,360,1600,PHTX,,,,,,,,,
0,8/31/2005 11:40,8/31/2005 12:10,6000,800,N13W13,10803,C2.0,8/31/2005 11:30,Halo,360,825,PHTX,,,,,,,,,
0,8/31/2005 22:10,8/31/2005 23:00,14000,6000,BACK,-----,----,8/31/2005 22:30,Halo,360,1808,PHTX,,,,,,,,,
0,9/3/2005 3:20,9/3/2005 5:15,2000,500,BACK,-----,----,9/3/2005 3:12,Halo,360,1672,PHTX,,,,,,,,,
0,9/5/2005 10:40,9/6/2005 0:00,1500,60,S07E81,-----,C2.7,9/5/2005 9:48,Halo,360,2326,PHTX,,,,,,,,,
0,9/7/2005 18:05,9/8/2005 0:00,12000,200,S11E77,10808,X1.7,----,----,----,----,PHTX,LASCO_DATA_GAP,,,,,,,,
0,9/9/2005 19:45,9/9/2005 22:00,10000,50,S12E67,10808,X6.2,9/9/2005 19:48,Halo,360,2257,PHTX,,,,,,,,,
0,9/10/2005 21:45,9/11/2005 1:00,14000,200,S13E47,10808,X2.1,9/10/2005 21:52,Halo,360,1893,PHTX,,,,,,,,,
0,9/11/2005 13:10,9/11/2005 15:15,3000,350,S16E39,10808,M3.0,9/11/2005 13:00,Halo,360,1922,PHTX,,,,,,,,,
0,9/13/2005 20:20,9/15/2005 6:00,1100,35,S09E10,10808,X1.5,9/13/2005 20:00,Halo,360,1866,PHTX,,,,,,,,,
0,4/30/2006 16:20,5/2/2006 1:00,1000,200,S09E08,10876,C1.8,4/30/2006 9:54,Halo,360,544,PHTX,,,,,,,,,
0,7/6/2006 8:45,7/6/2006 17:18,14000,300,S09W34,10898,M2.5,7/6/2006 8:54,Halo,360,911,PHTX,,,,,,,,,
0,8/16/2006 15:45,8/16/2006 22:15,14000,400,S16W08,10904,C3.6,8/16/2006 16:30,Halo,360,888,PHTX,,,,,,,,,
0,8/26/2006 20:40,8/26/2006 21:00,7000,2000,S10E08,10905,C2.5,8/26/2006 20:57,164,208,786,PHTX,WAVES,Data,Gap.,Lower,f,may,be,500,kHz.
0,11/5/2006 17:35,11/5/2006 19:20,14000,400,E90b,-----,----,11/5/2006 17:54,39,196,1398,PHTX,,,,,,,,,
0,11/6/2006 10:35,11/6/2006 11:05,14000,6000,E90b,-----,----,11/6/2006 10:30,77,55,829,PHTX,,,,,,,,,
0,11/6/2006 17:45,11/6/2006 19:25,4000,300,E90b,-----,C8.8,11/6/2006 17:54,Halo,360,1994,PHTX,,,,,,,,,
0,12/5/2006 10:50,12/5/2006 20:00,14000,250,S07E68,10930,X9.0,----,----,----,----,PHTX,LASCO_DATA_GAP,,,,,,,,
0,12/6/2006 2:00,12/6/2006 3:30,1000,200,S07E69,10930,M1.1,----,----,----,----,PHTX,LASCO_DATA_GAP,,,,,,,,
0,12/6/2006 8:30,12/6/2006 9:45,4000,600,S04E63,10930,M6.0,----,----,----,----,PHTX,LASCO_DATA_GAP,,,,,,,,
0,12/6/2006 19:00,12/9/2006 0:00,16000,30,S05E64,10930,X6.5,----,----,----,----,PHTX,LASCO_DATA_GAP,,,,,,,,
0,12/13/2006 2:45,12/13/2006 10:40,12000,150,S06W23,10930,X3.4,12/13/2006 2:54,Halo,360,1774,PHTX,,,,,,,,,
0,12/14/2006 22:30,12/14/2006 23:40,14000,1500,S06W46,10930,X1.5,12/14/2006 22:30,Halo,360,1042,PHTX,,,,,,,,,
0,1/25/2007 6:55,1/25/2007 23:30,14000,90,S08E90,10940,C6.3,1/25/2007 6:54,Halo,360,1367,PHTX,,,,,,,,,
0,5/19/2007 13:02,5/19/2007 13:05,16000,13000,N07W06,10956,B9.5,5/19/2007 13:24,260,106,958,PHTX,,,,,,,,,
0,12/31/2007 1:05,12/31/2007 1:22,16000,6000,S08E81,10980,C8.3,12/31/2007 1:31,92,164,995,PHTX,,,,,,,,,
0,3/25/2008 19:05,3/25/2008 19:20,12000,800,S13E78,10989,M1.7,3/25/2008 19:31,98,112,1103,PHTX,,,,,,,,,
0,4/26/2008 14:23,4/26/2008 14:39,7600,4900,N08E09,-----,B3.8,4/26/2008 14:30,65,281,515,PHTX,uncertain,,,,,,,,
0,8/1/2010 9:20,8/1/2010 17:30,2000,700,N20E36,11092,C3.2,----,----,----,----,PHTX,LASCO_DATA_GAP,,,,,,,,
0,8/7/2010 18:35,8/7/2010 19:50,14000,700,N11E34,11093,M1.0,8/7/2010 18:36,Halo,360,871,PHTX,,,,,,,,,
0,8/18/2010 6:05,8/18/2010 7:45,13000,700,N18W88,11099,C4.5,8/18/2010 5:48,255,184,1471,PHTX,,,,,,,,,
0,1/13/2011 9:15,1/13/2011 10:05,16000,3500,E90b,-----,----,1/13/2011 9:36,79,122,664,PHTX,,,,,,,,,
0,1/27/2011 12:20,1/27/2011 12:35,16000,8000,N12W87,11149,C1.2,1/27/2011 12:36,255,43,349,PHTX,,,,,,,,,
0,2/13/2011 17:50,2/13/2011 18:00,16000,8000,S20E04,11158,M6.6,2/13/2011 18:36,359,276,373,PHTX,,,,,,,,,
0,2/15/2011 2:10,2/15/2011 7:00,16000,400,S20W12,11158,X2.2,2/15/2011 2:24,Halo,360,669,PHTX,,,,,,,,,
0,2/24/2011 12:50,2/24/2011 15:10,1000,700,N15E87,11163,M3.5,2/24/2011 7:48,70,158,1186,PHTX,,,,,,,,,
0,3/7/2011 14:30,3/7/2011 15:00,16000,7000,N10E18,11166,M1.9,3/7/2011 14:48,354,261,698,PHTX,,,,,,,,,
0,3/7/2011 20:00,3/8/2011 8:30,16000,200,N31W53,11164,M3.7,3/7/2011 20:00,Halo,360,2125,PHTX,,,,,,,,,
0,5/9/2011 21:00,5/10/2011 4:00,16000,900,N16E88,-----,C5.4,5/9/2011 20:57,55,292,1318,PHTX,,,,,,,,,
0,5/29/2011 21:10,5/30/2011 13:40,16000,90,S19E72,11227,C8.7,5/29/2011 21:24,107,186,1407,PHTX,,,,,,,,,
0,6/2/2011 8:00,6/2/2011 8:25,15000,4000,S19E25,11227,C3.7,6/2/2011 8:12,Halo,360,976,PHTX,,,,,,,,,
0,6/4/2011 7:00,6/4/2011 13:45,16000,300,W90b,11222,----,6/4/2011 6:48,Halo,360,1407,PHTX,,,,,,,,,
0,6/4/2011 22:00,6/7/2011 1:30,16000,25,W90b,11222,----,6/4/2011 22:05,Halo,360,2425,PHTX,,,,,,,,,
0,6/7/2011 6:45,6/7/2011 18:00,16000,250,S21W54,11226,M2.5,6/7/2011 6:49,Halo,360,1255,PHTX,,,,,,,,,
0,6/21/2011 3:07,6/21/2011 3:21,10000,7000,N16W08,11236,C7.7,6/21/2011 3:16,Halo,360,719,PHTX,,,,,,,,,
0,8/2/2011 6:15,8/2/2011 7:30,16000,3000,N14W15,11261,M1.4,8/2/2011 6:36,288,268,712,PHTX,,,,,,,,,
0,8/4/2011 4:15,8/5/2011 17:00,13000,60,N19W36,11261,M9.3,8/4/2011 4:12,Halo,360,1315,PHTX,,,,,,,,,
0,8/8/2011 18:10,8/8/2011 20:10,6000,400,N16W61,11263,M3.5,8/8/2011 18:12,305,237,1343,PHTX,,,,,,,,,
0,8/9/2011 8:20,8/9/2011 8:35,16000,4000,N17W69,11263,X6.9,8/9/2011 8:12,Halo,360,1610,PHTX,,,,,,,,,
0,9/6/2011 2:00,9/6/2011 23:40,14000,200,N14W07,11283,M5.3,9/6/2011 2:24,Halo,360,782,PHTX,,,,,,,,,
0,9/6/2011 22:30,9/7/2011 15:40,16000,150,N14W18,11283,X2.1,9/6/2011 23:05,Halo,360,575,PHTX,,,,,,,,,
0,9/22/2011 11:05,9/23/2011 0:00,14000,70,N09E89,11302,X1.4,9/22/2011 10:48,Halo,360,1905,PHTX,,,,,,,,,
0,9/24/2011 12:50,9/24/2011 22:45,16000,300,N10E56,11302,M7.1,9/24/2011 12:48,Halo,360,1915,PHTX,,,,,,,,,
0,9/25/2011 5:30,9/25/2011 6:00,16000,8000,N11E47,11302,M7.4,9/25/2011 5:12,98,193,788,PHTX,,,,,,,,,
0,10/21/2011 13:15,10/21/2011 13:50,16000,6500,N05W79,11319,M1.3,10/21/2011 13:25,252,109,317,PHTX,,,,,,,,,
0,11/9/2011 13:30,11/9/2011 17:00,16000,400,N24E35,11343,M1.1,11/9/2011 13:36,Halo,360,907,PHTX,,,,,,,,,
0,11/26/2011 7:15,11/28/2011 0:00,10000,50,N17W49,11353,C1.2,11/26/2011 7:12,Halo,360,933,PHTX,,,,,,,,,
0,12/21/2011 3:00,12/21/2011 8:15,16000,400,BACK,-----,----,12/21/2011 3:12,Halo,360,1064,PHTX,,,,,,,,,
0,12/25/2011 18:45,12/25/2011 18:55,14000,7000,S22W26,11387,M4.0,12/25/2011 18:48,247,125,366,PHTX,,,,,,,,,
0,1/2/2012 15:00,1/2/2012 15:45,16000,4000,BACK,-----,----,1/2/2012 15:12,Halo,360,1138,PHTX,,,,,,,,,
0,1/19/2012 15:00,1/20/2012 2:45,16000,100,N32E22,11402,M3.2,1/19/2012 14:36,Halo,360,1120,PHTX,,,,,,,,,
0,1/23/2012 4:00,1/24/2012 15:00,16000,40,N28W21,11402,M8.7,1/23/2012 4:00,Halo,360,2175,PHTX,,,,,,,,,
0,1/27/2012 18:30,1/28/2012 4:45,16000,150,N27W71,11402,X1.7,1/27/2012 18:27,Halo,360,2508,PHTX,,,,,,,,,
0,3/5/2012 4:00,3/5/2012 12:20,16000,400,N17E52,11429,X1.1,3/5/2012 4:00,Halo,360,1531,PHTX,,,,,,,,,
0,3/7/2012 1:00,3/8/2012 19:00,16000,30,N17E27,11429,X5.4,3/7/2012 0:24,Halo,360,2684,PHTX,,,,,,,,,
0,3/9/2012 4:10,3/9/2012 6:05,14000,1000,N15W03,11429,M6.3,3/9/2012 4:26,Halo,360,950,PHTX,,,,,,,,,
0,3/10/2012 17:55,3/11/2012 12:30,14000,30,N17W24,11429,M8.4,3/10/2012 18:00,Halo,360,1296,PHTX,,,,,,,,,
0,3/13/2012 17:35,3/14/2012 0:00,16000,200,N17W66,11429,M7.9,3/13/2012 17:36,Halo,360,1884,PHTX,,,,,,,,,
0,3/18/2012 0:20,3/18/2012 1:20,16000,200,BACK,-----,----,3/18/2012 0:24,Halo,360,1210,PHTX,,,,,,,,,
0,3/24/2012 0:40,3/24/2012 10:40,16000,300,BACK,-----,----,3/24/2012 0:24,Halo,360,1152,PHTX,,,,,,,,,
0,3/26/2012 23:15,3/26/2012 23:55,16000,1500,BACK,-----,----,3/26/2012 23:12,Halo,360,1390,PHTX,,,,,,,,,
0,3/27/2012 21:45,3/27/2012 22:30,4000,1500,BACK,-----,----,3/27/2012 22:00,261,101,622,PHTX,,,,,,,,,
0,4/9/2012 12:20,4/9/2012 13:00,16000,5000,N20W65,11451,C3.9,4/9/2012 12:36,Halo,360,921,PHTX,,,,,,,,,
0,4/15/2012 2:30,4/15/2012 2:50,16000,4000,N10E90,11461,C1.7,4/15/2012 2:24,79,173,1220,PHTX,,,,,,,,,
0,5/17/2012 1:40,5/17/2012 6:20,16000,300,N11W76,11476,M5.1,5/17/2012 1:48,Halo,360,1582,PHTX,,,,,,,,,
0,7/4/2012 17:00,7/4/2012 17:20,14000,8000,N14W34,11513,M1.8,7/4/2012 17:24,Halo,360,662,PHTX,,,,,,,,,
0,7/5/2012 22:40,7/5/2012 23:50,3000,800,S12W46,11515,M1.6,7/5/2012 22:00,220,94,980,PHTX,,,,,,,,,
0,7/6/2012 23:10,7/7/2012 3:40,16000,300,S13W59,11515,X1.1,7/6/2012 23:24,Halo,360,1828,PHTX,,,,,,,,,
0,7/8/2012 16:35,7/8/2012 22:00,16000,300,S17W74,11515,M6.9,7/8/2012 16:54,212,157,1495,PHTX,,,,,,,,,
0,7/12/2012 16:45,7/13/2012 9:00,14000,250,S15W01,11520,X1.4,7/12/2012 16:48,Halo,360,885,PHTX,,,,,,,,,
0,7/17/2012 14:40,7/18/2012 5:00,12000,150,S28W65,11520,C9.9,7/17/2012 13:48,255,176,958,PHTX,,,,,,,,,
0,7/19/2012 5:30,7/19/2012 6:20,5000,600,S13W88,11520,M7.7,7/19/2012 5:24,Halo,360,1631,PHTX,,,,,,,,,
0,7/23/2012 2:30,7/23/2012 21:40,16000,20,S17W132,11520,----,7/23/2012 2:36,Halo,360,2003,PHTX,,,,,,,,,
0,8/31/2012 20:00,8/31/2012 23:45,16000,400,S25E59,11563,C8.1,8/31/2012 20:00,Halo,360,1442,PHTX,,,,,,,,,
0,9/27/2012 23:55,9/28/2012 10:15,16000,250,N06W34,11577,C3.7,9/28/2012 0:12,Halo,360,947,PHTX,,,,,,,,,
0,10/22/2012 1:50,10/22/2012 11:15,1000,200,S10E76,11598,M1.3,10/21/2012 20:57,83,243,496,PHTX,,,,,,,,,
0,1/16/2013 22:00,1/17/2013 1:30,1000,200,S33W64,11650,C2.2,1/16/2013 19:00,211,250,648,PHTX,,,,,,,,,
0,3/15/2013 7:00,3/15/2013 21:30,14000,100,N11E12,11692,M1.1,3/15/2013 7:12,Halo,360,1063,PHTX,,,,,,,,,
0,4/11/2013 7:10,4/11/2013 15:00,10000,200,N09E12,11719,M6.5,4/11/2013 7:24,Halo,360,861,PHTX,,,,,,,,,
0,4/18/2013 18:00,4/18/2013 19:10,16000,4000,N11W83,11719,C6.5,4/18/2013 18:24,284,199,495,PHTX,,,,,,,,,
0,4/21/2013 20:25,4/21/2013 22:12,14000,1700,S19W53,11723,C2.7,4/21/2013 20:36,255,212,562,PHTX,,,,,,,,,
0,5/13/2013 2:20,5/13/2013 3:00,16000,2000,N11E90,11748,X1.7,5/13/2013 2:00,Halo,360,1270,PHTX,,,,,,,,,
0,5/13/2013 16:15,5/13/2013 19:10,16000,300,N11E85,11748,X2.8,5/13/2013 16:07,Halo,360,1850,PHTX,,,,,,,,,
0,5/14/2013 1:16,5/14/2013 8:20,16000,240,N08E77,11748,X3.2,5/14/2013 1:25,Halo,360,2625,PHTX,,,,,,,,,
0,5/15/2013 1:49,5/15/2013 7:57,16000,230,N12E64,11748,X1.2,5/15/2013 1:48,Halo,360,1366,PHTX,,,,,,,,,
0,5/22/2013 13:10,5/24/2013 6:00,16000,150,N15W70,11745,M5.0,5/22/2013 13:25,Halo,360,1466,PHTX,,,,,,,,,
0,6/21/2013 3:35,6/21/2013 5:15,14000,2000,S16E73,11777,M2.9,6/21/2013 3:12,123,>207,1900,PHTX,,,,,,,,,
0,6/28/2013 1:53,6/28/2013 3:26,14000,400,S18W19,11777,C4.4,6/28/2013 2:00,Halo,360,1037,PHTX,,,,,,,,,
0,7/4/2013 20:57,7/4/2013 21:27,11000,2900,S14E62,11787,C6.8,7/4/2013 20:12,111,188,468,PHTX,,,,,,,,,
0,8/6/2013 2:01,8/6/2013 2:11,14000,11000,N27E25,EP,B4.5,8/6/2013 2:12,48,207,441,PHTX,,,,,,,,,
0,8/17/2013 20:25,8/18/2013 3:05,1800,150,S05W30,11818,M1.4,8/17/2013 19:12,Halo,360,1202,PHTX,,,,,,,,,
0,8/30/2013 2:34,8/31/2013 4:00,14000,50,N15E46,11836,C8.3,8/30/2013 2:48,Halo,360,949,PHTX,,,,,,,,,
0,9/6/2013 22:29,9/6/2013 22:34,5000,2000,N10E104,DIM,----,9/6/2013 20:48,90,182,734,PHTX,,,,,,,,,
0,9/29/2013 21:53,9/30/2013 21:00,14000,60,N17W29,EP,C1.3,9/29/2013 22:12,Halo,360,1179,PHTX,,,,,,,,,
0,10/2/2013 20:46,10/2/2013 21:10,10000,5200,N20W85,DIM,C1.2,10/2/2013 20:36,309,263,619,PHTX,,,,,,,,,
0,10/5/2013 7:00,10/5/2013 14:46,16000,200,S22E118,11865,----,10/5/2013 7:09,Halo,360,964,PHTX,,,,,,,,,
0,10/11/2013 7:23,10/11/2013 11:43,14000,100,N21E103,11869,----,10/11/2013 7:24,Halo,360,1200,PHTX,,,,,,,,,
0,10/13/2013 18:47,10/14/2013 5:15,2100,600,------,-----,----,10/13/2013 14:12,220,83,293,PHTX,,,,,,,,,
0,10/22/2013 21:33,10/22/2013 22:08,14000,650,N04W01,11875,M4.2,10/22/2013 21:48,Halo,360,459,PHTX,,,,,,,,,
0,10/25/2013 15:08,10/25/2013 22:32,16000,200,S06E69,11882,X2.1,10/25/2013 15:12,Halo,360,1081,PHTX,,,,,,,,,
0,10/26/2013 3:01,10/26/2013 4:00,14000,200,N09W44,11875,C4.5,10/26/2013 3:12,271,208,473,PHTX,,,,,,,,,
0,10/26/2013 9:34,10/26/2013 10:10,14000,5000,N08W49,11875,M1.3,10/26/2013 9:48,286,141,460,PHTX,,,,,,,,,
0,10/27/2013 18:12,10/27/2013 18:36,14000,1700,N06W70,11875,C9.1,10/27/2013 18:12,308,189,795,PHTX,,,,,,,,,
0,10/28/2013 4:41,10/28/2013 11:51,14000,200,N08W71,11875,M5.1,10/28/2013 4:48,315,156,1201,PHTX,,,,,,,,,
0,10/28/2013 15:24,10/28/2013 15:29,14000,9000,S06E28,11882,M4.4,10/28/2013 15:36,Halo,360,812,PHTX,,,,,,,,,
0,11/4/2013 5:10,11/4/2013 8:00,16000,450,N03W165,11875,----,11/4/2013 5:12,Halo,360,1040,PHTX,,,,,,,,,
0,11/7/2013 10:26,11/7/2013 20:40,16000,100,N02E151,11899,----,11/7/2013 10:36,Halo,360,1405,PHTX,,,,,,,,,
0,11/19/2013 10:39,11/19/2013 20:20,14000,100,S14W70,11893,X1.0,11/19/2013 10:36,Halo,360,740,PHTX,,,,,,,,,
0,11/29/2013 22:18,11/30/2013 9:20,1800,100,N06W183,11899,----,11/29/2013 17:24,251,188,465,PHTX,,,,,,,,,
0,12/5/2013 12:45,12/5/2013 13:00,4200,1600,S20E119,DIM,----,12/5/2013 10:24,133,148,549,PHTX,,,,,,,,,
0,12/5/2013 20:48,12/5/2013 21:35,14000,2500,------,-----,----,----,----,---,----,PHTX,LASCO_DATA_GAP,,,,,,,,
0,12/7/2013 7:43,12/7/2013 8:36,14000,3000,S16W49,11909,M1.2,12/7/2013 7:36,Halo,360,1085,PHTX,,,,,,,,,
0,12/12/2013 3:55,12/12/2013 21:30,12000,70,S23W46,11912,C4.6,12/12/2013 3:36,214,276,1002,PHTX,,,,,,,,,
0,12/20/2013 8:23,12/20/2013 13:24,1500,400,------,-----,----,12/20/2013 4:36,255,26,337,PHTX,,,,,,,,,
0,12/28/2013 17:31,12/28/2013 18:05,16000,500,S15W125,11928,----,12/28/2013 17:36,Halo,360,1118,PHTX,,,,,,,,,
0,1/4/2014 17:41,1/4/2014 18:47,9000,100,------,-----,----,----,----,---,----,PHTX,LASCO_DATA_GAP,,,,,,,,
0,1/4/2014 19:03,1/5/2014 9:00,6500,100,------,-----,----,----,----,---,----,PHTX,LASCO_DATA_GAP,,,,,,,,
0,1/6/2014 7:57,1/6/2014 22:30,14000,80,S15W112,11936,----,1/6/2014 8:00,Halo,360,1402,PHTX,,,,,,,,,
0,1/7/2014 18:33,1/8/2014 21:00,14000,60,S15W11,11943,X1.2,1/7/2014 18:24,Halo,360,1830,PHTX,,,,,,,,,
0,1/20/2014 22:24,1/20/2014 22:36,14000,8000,S07E67,DIM,C3.6,1/20/2014 22:00,Halo,360,721,PHTX,,,,,,,,,
0,2/18/2014 2:16,2/18/2014 2:51,2000,900,S24W43,EP,----,2/18/2014 1:36,Halo,360,779,PHTX,,,,,,,,,
0,2/20/2014 8:05,2/20/2014 8:29,12000,7700,S15W73,11976,M3.0,2/20/2014 8:00,Halo,360,948,PHTX,,,,,,,,,
0,2/25/2014 0:56,2/25/2014 11:28,14000,100,S12E82,11990,X4.9,2/25/2014 1:25,Halo,360,2147,PHTX,,,,,,,,,
0,3/4/2014 18:24,3/4/2014 20:10,16000,2000,N13W170,12005,----,3/4/2014 18:48,Halo,360,794,PHTX,,,,,,,,,
0,3/5/2014 13:33,3/5/2014 17:10,16000,500,N14E180,-----,----,3/5/2014 13:48,Halo,360,828,PHTX,,,,,,,,,
0,3/25/2014 7:52,3/25/2014 11:30,1700,400,S23W130,EP,----,3/25/2014 5:36,261,223,651,PHTX,,,,,,,,,
0,3/29/2014 0:12,3/29/2014 0:48,14000,2200,N11W23,12017,M2.6,3/28/2014 23:48,325,138,514,PHTX,,,,,,,,,
0,3/29/2014 17:59,3/30/2014 9:58,14000,200,S08W152,12011,----,3/29/2014 18:12,Halo,360,528,PHTX,,,,,,,,,
0,4/2/2014 13:42,4/3/2014 8:10,14000,60,N11E53,12027,M6.5,4/2/2014 13:36,Halo,360,1471,PHTX,,,,,,,,,
0,4/2/2014 18:49,4/3/2014 6:40,2400,200,------,-----,----,----,----,---,----,PHTX,,,,,,,,,
0,4/4/2014 14:02,4/4/2014 14:07,14000,11000,N13E26,12027,C8.3,4/4/2014 14:12,54,96,467,PHTX,,,,,,,,,
0,4/18/2014 13:05,4/18/2014 22:50,14000,150,S20W34,12036,M7.3,4/18/2014 13:25,Halo,360,1203,PHTX,,,,,,,,,
0,5/7/2014 16:24,5/7/2014 23:18,16000,200,S11W100,12051,----,5/7/2014 16:24,Halo,360,923,PHTX,,,,,,,,,
0,5/8/2014 3:21,5/8/2014 5:26,16000,1100,S09W108,12051,----,5/8/2014 3:24,Halo,360,847,PHTX,,,,,,,,,
0,5/9/2014 2:40,5/9/2014 4:30,14000,500,S11W122,12051,----,5/9/2014 2:48,Halo,360,1099,PHTX,,,,,,,,,
0,5/10/2014 4:32,5/10/2014 8:37,16000,400,S11W136,12051,----,5/10/2014 4:36,Halo,360,1086,PHTX,,,,,,,,,
0,6/10/2014 12:58,6/10/2014 15:00,16000,1000,S17E82,12087,X1.5,6/10/2014 13:30,Halo,360,1469,PHTX,,,,,,,,,
0,6/12/2014 22:14,6/12/2014 22:35,14000,6000,S20W55,12085,M3.1,6/12/2014 22:12,233,186,684,PHTX,,,,,,,,,
0,7/30/2014 7:44,7/30/2014 8:00,6300,4500,N10E30,EP?,C1.5,7/30/2014 7:00,13,254,700,PHTX,,,,,,,,,
0,8/1/2014 18:58,8/2/2014 5:00,1000,150,S10E11,12127,M1.5,8/1/2014 18:36,Halo,360h,789,PHTX,,,,,,,,,
0,8/22/2014 10:37,8/22/2014 11:18,14000,6000,N12E01,12146,C2.2,8/22/2014 11:12,Halo,360,600,PHTX,,,,,,,,,
0,8/25/2014 15:20,8/25/2014 16:02,14000,4000,N05W36,12146,M2.0,8/25/2014 15:36,Halo,360,555,PHTX,,,,,,,,,
0,8/25/2014 20:43,8/25/2014 21:00,14000,7200,N07W43,12146,M3.9,8/25/2014 20:48,273,177,711,PHTX,,,,,,,,,
0,8/28/2014 17:05,8/28/2014 22:08,16000,600,S19E162,12157,----,8/28/2014 17:24,Halo,360,766,PHTX,,,,,,,,,
0,9/1/2014 11:12,9/1/2014 20:05,16000,150,N14E127,12158,----,9/1/2014 11:12,Halo,360,1901,PHTX,WAVES,Data,Gap.,STEREO,B,data,,,
0,9/9/2014 0:05,9/9/2014 13:00,11000,100,N12E29,12158,M4.5,9/9/2014 0:06,Halo,360,920,PHTX,,,,,,,,,
0,9/10/2014 17:45,9/11/2014 12:00,14000,100,N14E02,12158,X1.6,9/10/2014 18:00,Halo,360,1267,PHTX,,,,,,,,,
0,9/20/2014 5:10,9/20/2014 5:30,14000,9700,S11W89,12164,----,9/20/2014 5:24,292,87,426,PHTX,,,,,,,,,
0,9/22/2014 6:13,9/22/2014 6:50,16000,4900,N14W142,12158,----,9/22/2014 6:12,342,252,618,PHTX,,,,,,,,,
0,9/23/2014 23:41,9/23/2014 23:47,14000,12000,S13E33,12172,M2.3,9/23/2014 23:36,109,134,331,PHTX,,,,,,,,,
0,9/24/2014 20:54,9/24/2014 23:48,16000,500,N13E179,EP,----,9/24/2014 21:30,Halo,360,1350,PHTX,,,,,,,,,
0,10/2/2014 21:34,10/2/2014 21:56,3300,1900,S17W82,12173,M7.3,10/2/2014 19:12,264,159,513,PHTX,faint,,,,,,,,
0,10/10/2014 18:11,10/10/2014 18:33,2500,1500,S20W51,EP,C3.0,10/10/2014 16:12,309,>210,782,PHTX,,,,,,,,,
0,10/21/2014 12:33,10/21/2014 13:01,14000,8900,S18E36,12192,C4.4,10/21/2014 12:48,152,142,260,PHTX,,,,,,,,,
0,11/8/2014 16:57,11/8/2014 17:18,14000,7800,W90b,12203,----,11/8/2014 16:36,305,141,426,PHTX,,,,,,,,,
0,12/13/2014 14:27,12/13/2014 14:51,14000,3900,W90b,-----,----,12/13/2014 14:24,Halo,360,2222,PHTX,,,,,,,,,
0,12/17/2014 4:09,12/17/2014 4:19,2900,2100,S11E33,12241,M1.1,12/17/2014 2:00,107,108,869,PHTX,,,,,,,,,
0,12/17/2014 5:00,12/17/2014 5:09,14000,11500,S20E09,12242,M8.7,12/17/2014 5:00,Halo,360,587,PHTX,,,,,,,,,
0,12/18/2014 22:31,12/18/2014 22:54,5100,1300,S11E15,12241,M6.9,12/19/2014 1:04,Halo,360,1195,PHTX,PARTIAL,LASCO_DATA_GAP,,,,,,,
0,12/21/2014 12:05,12/21/2014 12:28,14000,7400,S14W25,12241,M1.0,12/21/2014 12:12,Halo,360,669,PHTX,,,,,,,,,
0,3/3/2015 2:33,3/3/2015 2:37,8100,3600,W90b,12290,M8.2,3/3/2015 1:48,329,213,764,PHTX,,,,,,,,,
0,3/6/2015 8:00,3/6/2015 11:30,4700,200,S20E87,12297,M1.5,3/6/2015 7:12,83,155,880,PHTX,,,,,,,,,
0,3/10/2015 0:10,3/10/2015 0:27,14000,6200,S18E45,12297,M5.8,3/10/2015 0:00,Halo,360,995,PHTX,,,,,,,,,
0,3/11/2015 10:30,3/11/2015 14:50,1000,250,S15E23,12297,M2.6,3/11/2015 8:24,62,93,530,PHTX,,,,,,,,,
0,3/24/2015 9:00,3/24/2015 11:47,14000,400,SW90b,-----,----,3/24/2015 8:24,Halo,360,1794,PHTX,,,,,,,,,
0,4/26/2015 3:21,4/26/2015 3:33,8000,4600,W90b,-----,----,4/26/2015 3:24,Halo,360,820,PHTX,,,,,,,,,
0,5/5/2015 22:24,5/5/2015 23:14,14000,500,N15E79,12339,X2.7,5/5/2015 22:24,Halo,360,715,PHTX,,,,,,,,,
0,5/12/2015 3:00,5/12/2015 3:04,14000,6400,W90b,-----,----,5/12/2015 2:48,286,250,772,PHTX,uncertain,,,,,,,,
0,6/9/2015 20:23,6/9/2015 22:35,2300,200,S03E25,12364,C2.8,6/9/2015 20:12,77,262,1036,PHTX,,,,,,,,,
0,6/14/2015 5:26,6/14/2015 5:41,3000,1250,S12W34,12365,C5.9,6/14/2015 4:12,199,195,1228,PHTX,,,,,,,,,
0,6/18/2015 17:42,6/18/2015 19:40,3700,500,N15E50,12371,M3.0,6/18/2015 17:24,Halo,360,1305,PHTX,,,,,,,,,
0,6/21/2015 2:33,6/21/2015 21:20,5500,150,N12E16,12371,M2.0,6/21/2015 2:36,Halo,360,1366,PHTX,,,,,,,,,
0,6/22/2015 18:20,6/22/2015 21:55,14000,300,N12W08,12371,M6.5,6/22/2015 18:36,Halo,360,1209,PHTX,,,,,,,,,
0,6/25/2015 8:35,6/25/2015 16:30,14000,150,N09W42,12371,M7.9,6/25/2015 8:36,Halo,360,1627,PHTX,,,,,,,,,
0,7/1/2015 16:08,7/1/2015 20:47,1000,150,W90b,-----,----,7/1/2015 14:36,Halo,360,1435,PHTX,,,,,,,,,
0,8/22/2015 7:07,8/22/2015 7:18,14000,7300,S15E13,12403,M1.2,8/22/2015 7:12,Halo,360,547,PHTX,,,,,,,,,
0,9/18/2015 4:54,9/18/2015 9:52,14000,400,S21W10,12415,C2.6,9/18/2015 5:00,201,131,823,PHTX,,,,,,,,,
0,9/20/2015 18:23,9/21/2015 1:46,14000,300,S20W24,12415,M2.1,9/20/2015 18:12,Halo,360,1239,PHTX,,,,,,,,,
0,11/4/2015 14:07,11/4/2015 15:14,14000,440,N09W04,12443,M3.7,11/4/2015 14:48,Halo,360,578,PHTX,,,,,,,,,
0,11/9/2015 13:21,11/9/2015 13:27,14000,9000,S11E41,12449,M3.9,11/9/2015 13:25,142,273,1041,PHTX,,,,,,,,,
0,12/16/2015 8:45,12/16/2015 8:57,5300,3800,S13W04,12468,C6.6,12/16/2015 9:36,Halo,360,579,PHTX,,,,,,,,,
0,12/23/2015 1:18,12/23/2015 1:23,12000,6700,S22E63,12473,M4.7,12/23/2015 1:25,98,89,520,PHTX,,,,,,,,,
0,12/28/2015 11:50,12/28/2015 21:45,14000,180,S23W11,12473,M1.8,12/28/2015 12:12,Halo,360,1212,PHTX,,,,,,,,,
0,1/2/2016 0:55,1/2/2016 3:08,1100,300,S25W82,12473,M2.3,1/1/2016 23:24,Halo,360,1730,PHTX,,,,,,,,,
0,2/5/2016 20:28,2/5/2016 23:31,1650,500,------,-----,----,----,----,---,----,PHTX,uncertain,,,,,,,,
0,2/5/2016 22:35,2/5/2016 22:55,5200,1900,S17W29,-----,----,2/5/2016 21:24,193,155,445,PHTX,,,,,,,,,
0,5/4/2016 14:20,5/4/2016 14:34,14000,10500,N06W61,12535,C1.3,5/4/2016 14:12,255,134,390,PHTX,,,,,,,,,
0,5/24/2016 17:00,5/24/2016 20:50,1500,700,------,-----,----,----,----,---,----,PHTX,uncertain,,,,,,,,
0,8/15/2016 18:21,8/15/2016 18:28,11000,3400,E90b,-----,----,8/15/2016 17:24,75,98,633,PHTX,,,,,,,,,
0,4/23/2017 6:00,4/23/2017 6:13,15000,8300,N16E41,-----,----,4/23/2017 6:00,85,77,955,PHTX,,,,,,,,,
0,7/14/2017 1:18,7/14/2017 21:30,14000,70,S06W29,12665,M2.4,7/14/2017 1:25,Halo,360,1200,PHTX,,,,,,,,,
0,7/23/2017 5:27,7/23/2017 6:12,4400,900,BACK,-----,----,7/23/2017 4:48,Halo,360,1848,PHTX,faint,,,,,,,,
0,9/4/2017 20:27,9/5/2017 4:54,14000,210,S10W12,12673,M5.5,9/4/2017 20:12,Halo,360,1418,PHTX,,,,,,,,,
0,9/6/2017 12:05,9/7/2017 8:00,16000,70,S08W33,12673,X9.3,9/6/2017 12:24,Halo,360,1571,PHTX,,,,,,,,,
0,9/10/2017 16:02,9/11/2017 6:50,16000,150,S09W92,-----,X8.3,9/10/2017 16:00,Halo,360,3163,PHTX,onset,has,WAVES,Data,Gap,,,,
0,9/12/2017 7:38,9/12/2017 7:43,16000,13000,N08E48,18-Sep,C3.0,9/12/2017 8:03,124,96,252,PHTX,uncertain,,,,,,,,
0,9/17/2017 11:45,9/17/2017 12:35,16000,900,S08E170,-----,----,9/17/2017 12:00,Halo,360,1385,PHTX,STEREO,A,data,,,,,,
0,10/18/2017 5:48,10/18/2017 12:40,16000,400,S06E123,-----,----,10/18/2017 8:00,85,146,1001,PHTX,STEREO,A,"data,",faint,in,,,,
0,5/3/2019 23:52,5/4/2019 0:16,13000,2300,N12E82,17-Nov,C1.0,5/3/2019 23:24,90,113,692,PHTX,,,,,,,,,
0,11/29/2020 13:07,11/29/2020 15:23,14000,850,S23E89,-----,M4.4,11/29/2020 13:25,Halo,360,2077,----,,,,,,,,,
0,12/7/2020 16:18,12/8/2020 2:00,14000,160,S25W08,6-Jan,C7.4,12/7/2020 16:24,Halo,360,1407,----,,,,,,,,,
